gene_id,MC10-IP,MC10-Input,MC21-IP,MC21-Input,MC22-IP,MC22-Input,MC9-IP,MC9-Input,Petro11-IP,Petro11-Input,Petro12-IP,Petro12-Input,Petro23-IP,Petro23-Input,Petro24-IP,Petro24-Input
MSTRG.42952,218,370,1,273,2663,307,1,260,1,206,571,868,608,835,1,556
MSTRG.32726,971,241,1,273,330,235,1,281,1,295,239,939,1255,344,1,312
MSTRG.43186,212,28,1,16,585,25,1,26,1,28,91,10,241,33,1,43
MSTRG.30210,1769,14663,1,14143,1401,13586,1,9034,6872,16021,3785,34845,15820,49149,6192,31280
MSTRG.23095,1,35,702,27,1,40,178,102,89,45,1,239,1,176,45,20
MSTRG.8730,377,195,1,223,340,183,1,197,1,191,30,316,168,150,1,94
MSTRG.33796,854,313,1,463,1225,482,1,293,309,519,1559,1246,1309,1330,253,762
MSTRG.2297,1,75,178,66,1,85,125,82,82,1,1,21,1,1,23,1
MSTRG.5179,1,546,203,428,4,465,605,603,49,393,1,955,1,636,290,466
MSTRG.39253,1,346,356,125,1,318,77,204,239,296,1,372,1,679,25,315
MSTRG.657,364,2404,1,1836,1010,1694,1,2661,269,1618,482,3076,1574,2415,455,1911
MSTRG.27453,3589,889,1,563,1224,1049,1,520,130,983,380,1934,843,1847,424,1223
MSTRG.48390,1,128,1,169,1814,331,1,114,1,378,801,1146,3116,1188,1,661
MSTRG.2959,1,320,256,416,1,319,476,199,531,249,1,555,1,544,17,313
MSTRG.47873,657,658,1,798,2393,695,1,774,1,514,218,1173,918,620,82,577
MSTRG.23461,1,106,1,92,1332,133,1,174,1,272,504,601,1717,993,1,496
MSTRG.1343,1,352,785,170,1,194,98,177,168,127,1,326,1,122,14,161
MSTRG.8875,1111,251,1,326,322,156,1,339,1,162,1,408,840,137,1,140
MSTRG.21971,1,122,470,81,1,205,1,33,388,271,1,831,1,928,310,817
MSTRG.3056,821,289,1,310,1884,264,1,186,1,187,1,668,1932,426,1,193
MSTRG.10828,1,80,590,10,1,140,1,52,668,130,1,288,1,356,105,164
MSTRG.50064,8,1,1,8166,1,1,1,5078,19,8999,1,22767,43,6475,90,14857
MSTRG.8253,1,1051,2096,848,1,936,1,1158,1217,701,1,1370,1,935,104,650
MSTRG.16607,1,231,179,33,1,247,1,52,281,265,1,741,1,810,94,506
MSTRG.5520,1,167,1078,98,1,160,1,103,424,294,1,587,1,693,392,385
MSTRG.24011,1,105,1173,72,1,173,125,27,1,56,1,195,1,168,261,159
MSTRG.35581,1,257,626,201,1,295,1,200,499,358,1,1211,1,1192,234,569
MSTRG.49563,82,376,1,246,104,466,1,395,1,338,192,715,42,809,1,519
MSTRG.15435,1,182,1281,1,1,214,1,73,374,213,1,609,1,931,220,287
MSTRG.37477,1,980,1115,546,1,749,896,1301,511,1158,391,2923,651,1481,596,984
MSTRG.34573,1,464,140,130,1,434,629,352,632,600,174,1495,33,1050,304,706
MSTRG.40656,1,130,29,104,1,122,17,113,33,141,1,439,1,496,79,225
MSTRG.50687,1,40,258,17,1,73,1,1,87,129,1,276,1,452,73,188
MSTRG.2931,1,187,1260,275,1,187,1,170,408,119,1,348,1,403,245,234
MSTRG.5030,1,139,568,161,1,157,388,232,923,77,1,695,1,546,1,399
MSTRG.9165,1,959,617,752,1,1002,1,1035,809,821,4,2158,1,2134,455,1314
MSTRG.5227,1037,302,2,316,1065,368,1,301,303,391,420,1243,1936,1285,670,687
MSTRG.9733,1,301,97,101,1,105,705,198,129,177,31,551,1,200,139,99
MSTRG.5465,1,136,1,139,1,170,791,92,526,169,1,389,1,246,299,205
MSTRG.47907,430,56,1,88,1,145,1,62,1,188,385,362,1495,468,1,218
MSTRG.37532,1,75,233,125,1,122,1,47,514,138,1,390,1,474,192,219
MSTRG.34357,1,165,581,248,1,320,1,144,358,261,1,661,1,1027,256,612
MSTRG.1462,232,110,1,132,1,173,1,161,1,230,388,540,750,348,1,258
MSTRG.5351,1,367,697,114,1,105,1,254,648,202,1,357,1,260,138,104
MSTRG.28305,1,41,1,1,1,37,233,14,147,36,1,128,1,142,23,94
MSTRG.26280,1,1,6,1,1,3,125,4,262,21,1,43,1,32,110,8
MSTRG.3432,1,419,1027,464,1,563,1,472,836,251,1,658,1,653,78,526
MSTRG.38045,1,333,1791,466,1,209,1,202,680,455,1,1190,1,909,107,780
MSTRG.2607,1,80,138,5,1,70,1,1,11,59,1,97,1,155,12,26
MSTRG.12090,1,78,2438,66,1,149,1,71,261,94,1,258,1,144,64,156
MSTRG.11379,709,421,3,313,4,349,1,490,2,287,106,563,696,273,1,272
MSTRG.27387,1,405,879,177,1,318,319,360,1,142,1,240,1,142,168,106
MSTRG.7416,1,155,873,159,1,135,1,205,402,120,1,237,1,371,111,106
MSTRG.45390,1,637,1126,303,1,342,1,277,187,332,1,862,1,402,79,244
MSTRG.22162,1,737,1255,589,1,688,373,776,101,299,51,1164,184,939,271,645
MSTRG.40274,828,177,1,139,540,153,1,101,1,201,1,599,301,606,1,323
MSTRG.18529,689,237,1,120,1003,251,1,287,1,320,136,888,1,807,1,482
MSTRG.48230,1,102,191,1,1,49,1,41,496,47,1,112,1,124,141,130
MSTRG.43595,1,224,642,316,1,326,1,121,182,219,1,634,1,818,137,408
MSTRG.27337,1,154,707,69,1,90,73,18,1,78,1,125,1,193,171,54
MSTRG.35917,2,85,208,20,1,139,99,124,129,138,1,408,1,54,1,26
MSTRG.13773,639,426,10,393,2968,725,1,367,1319,850,1497,2870,15776,3727,5117,1744
MSTRG.39246,1,167,1509,201,1,193,1,141,629,149,4,430,1,502,164,240
MSTRG.12873,990,247,1,249,1,454,1,190,2,232,163,478,1093,553,1,333
MSTRG.15417,1,87,55,23,1,94,1,103,570,50,1,171,1,163,75,87
MSTRG.46181,1,255,824,88,1,200,1,271,677,341,1,659,1,414,35,294
MSTRG.32493,250,574,1,733,851,722,1,311,121,751,443,1867,1777,2793,606,1422
MSTRG.35485,1,445,1,434,1,730,112,563,360,634,1,1847,1,2323,259,1339
MSTRG.39009,1,113,452,73,1,94,1,42,82,99,1,242,1,124,76,65
MSTRG.39817,1,441,159,172,1,497,1,263,163,276,1,672,1,894,112,482
MSTRG.46095,2,255,2,64,918,160,1,345,1,184,91,103,465,233,1,66
MSTRG.27465,1,569,93,306,1,490,1,558,824,336,1,906,1,287,139,220
MSTRG.13347,100,715,1,1172,2649,796,1,752,83,720,924,2087,476,3089,466,1567
MSTRG.43622,230,177,1,263,1681,429,1,166,286,399,462,1069,1802,1463,627,801
MSTRG.40368,1,161,1,94,291,232,1,180,1,288,285,902,1884,905,1,341
MSTRG.12520,1,18,135,20,1,59,1,26,67,25,1,192,1,69,22,30
MSTRG.2367,1,116,1,62,285,79,1,178,1,168,105,286,165,281,1,208
MSTRG.29041,1,370,310,437,1,417,1,306,332,401,1,1085,1,753,111,438
MSTRG.152,1,366,2181,200,1,236,1,434,265,248,3,710,4,636,151,327
MSTRG.17786,1,279,592,267,1,190,163,284,1,127,1,390,1,393,105,210
MSTRG.44826,122,127,1,125,1349,147,1,232,1,122,58,196,1,83,3,122
MSTRG.49165,1,175,1,83,303,75,1,187,1,115,113,202,1532,19,1,77
MSTRG.38832,2,7,3,46,17,14,1,53,1,10,10,1,422,18,5,20
MSTRG.39174,1,500,1537,193,12,300,352,326,84,727,12,2058,1,1123,104,671
MSTRG.18698,1,72,1,1,1,45,472,12,1,82,1,210,1,142,129,113
MSTRG.14698,1,249,834,100,4,200,701,196,377,295,1,453,1,143,1,276
MSTRG.27331,1,44,600,1,1,46,1,50,205,49,1,226,1,140,26,78
MSTRG.20667,1,1,833,1,3,16,1,1,112,1,1,16,1,13,1,3
MSTRG.22967,220,212,1,211,231,70,2,132,9,106,76,204,652,270,31,222
MSTRG.1149,1,445,843,333,1,453,1,355,71,353,1,1138,1,709,114,440
MSTRG.682,1,48,183,1,1,81,1,22,337,83,1,166,1,118,1,29
MSTRG.16560,1,137,1150,222,1,155,1,224,366,151,1,436,1,293,57,234
MSTRG.20615,1,100,1,1,1,21,3,8,90,129,1,243,2,243,85,86
MSTRG.50626,1,1183,658,1248,1,1426,280,849,1049,2833,1075,5819,4795,8693,1723,5164
MSTRG.8822,1,81,1,37,418,103,1,50,1,276,426,624,331,909,1,471
MSTRG.40007,1,458,1,204,10,496,1096,386,532,426,1,1207,1,1583,258,1019
MSTRG.39493,1,438,266,530,1,321,381,429,330,330,1,444,1,474,1,240
MSTRG.5622,1,124,1,84,1,207,865,33,1,216,1,712,1,578,395,259
MSTRG.22266,710,396,1,437,1939,986,1,950,300,782,478,1949,143,1260,322,827
MSTRG.13372,1,459,1,577,1095,515,1,817,1,169,248,408,20,490,1,260
MSTRG.33113,1,778,491,386,3,580,1,616,339,536,1,1056,1,711,84,350
MSTRG.21145,170,408,1,402,352,336,1,264,1,362,78,653,1,543,1,431
MSTRG.42525,1,115,512,1,3,49,1,6,3,50,1,142,1,141,35,118
MSTRG.11599,1,205,650,67,1,161,1,107,308,47,1,222,1,165,1,79
MSTRG.19029,1,156,12,40,1,77,1,45,130,43,1,55,1,69,67,19
MSTRG.45897,1,267,274,108,1,136,1,180,212,209,4,530,1,391,204,220
MSTRG.13566,1,141,1774,42,1,123,1,121,542,135,1,232,1,568,1,209
MSTRG.49592,1,74,1296,1,1,93,1,24,72,125,1,360,1,493,1,157
MSTRG.59,1718,38104,111,47725,11152,41653,45,32616,28686,61747,33636,137681,33175,150342,10235,81195
MSTRG.8866,7,119,2,36,65,76,2,111,1,111,33,139,522,53,1,86
MSTRG.28658,4,216,1,54,98,146,1,195,1,83,725,235,38,142,1,149
MSTRG.26507,325,76,1,133,1,116,1,21,1,53,164,178,1414,273,1,81
MSTRG.19868,1,143,150,43,1,75,1,139,166,122,1,130,1,172,166,104
MSTRG.34846,1,869,1,540,1,579,368,517,830,377,1,820,1,457,57,241
MSTRG.29048,1,317,628,142,3,231,1,255,430,255,1,455,1,254,39,134
MSTRG.43042,1,78,1,28,1,44,4,25,334,50,1,111,1,179,289,123
MSTRG.44620,1,175,11,266,1817,247,1,288,1,458,75,1026,829,559,1,484
MSTRG.22116,1,244,847,158,4,274,1,414,254,229,1,572,1,339,168,264
MSTRG.25369,1,174,1,210,1,140,438,48,217,98,1,220,1,240,86,92
MSTRG.27109,1,39,67,1,1,36,1,30,113,40,3,205,1,99,31,49
MSTRG.27749,1,427,445,18,2,315,1,348,540,395,3,743,3,518,176,382
MSTRG.20920,12,153,1556,127,4,138,1350,173,44,146,25,394,4,689,131,246
MSTRG.33449,1,333,1959,246,1,333,1,195,21,233,1,616,1,377,92,226
MSTRG.41868,1882,329,1,113,537,225,1,132,1,125,70,398,1,557,1,306
MSTRG.34067,1,389,1182,162,3,164,1,171,78,126,1,327,1,184,52,137
MSTRG.7200,1,110,437,30,1,105,1,114,60,138,1,269,1,241,107,181
MSTRG.12489,487,830,1,816,862,814,1,824,377,627,275,1968,844,1941,766,1090
MSTRG.34947,1,65,6045,29,1,74,1,32,22,52,1,267,1,294,1,144
MSTRG.7179,1,197,1902,115,6,235,1,241,251,225,3,697,1,749,169,390
MSTRG.26976,1,131,26,234,1,225,180,300,129,201,3,291,1,206,30,111
MSTRG.9597,1,219,579,246,1,251,1,288,365,334,4,880,1,1465,213,811
MSTRG.683,4,542,1,929,3,436,1,616,1,361,273,620,339,509,1,258
MSTRG.27166,1,218,966,402,1,275,1,286,76,206,1,651,1,972,62,344
MSTRG.25228,1,191,1,256,1,168,684,125,72,227,1,372,1,359,175,231
MSTRG.14138,1,360,356,204,5,224,1,126,296,172,1,430,1,414,59,344
MSTRG.17072,805,283,1,285,811,626,1,193,432,603,428,1446,757,2164,545,1335
MSTRG.11717,1,542,455,611,1,736,1,447,155,395,1,1003,1,979,36,572
MSTRG.43696,354,72,4,35,45,19,6,86,2,52,1,124,451,13,1,64
MSTRG.15317,1,684,362,572,3,465,1,667,1301,551,1,1369,1,627,31,540
MSTRG.14339,1,200,1,31,1,236,260,89,73,54,1,140,1,102,11,108
MSTRG.22195,364,539,1,327,3,195,1,584,1,84,3,113,526,196,1,125
MSTRG.38444,1,1071,270,921,1,280,1,754,99,739,1,1720,1,1988,215,787
MSTRG.43023,1,55,541,72,3,66,1,49,244,145,1,572,1,395,14,129
MSTRG.31306,1,549,1078,273,1,298,1,228,679,292,1,564,1,386,1,339
MSTRG.31541,1,12,1,116,521,14,1,15,1,44,27,17,1,54,1,37
MSTRG.23604,1,544,1218,4,1,623,1,777,428,514,1,944,1,677,29,580
MSTRG.37568,1,110,541,1,1,95,1,75,326,66,1,228,1,56,1,60
MSTRG.36858,113,1027,1,1112,696,895,1,957,220,668,284,1344,600,1501,216,1167
MSTRG.22545,1,163,392,137,1,79,1,211,96,119,1,421,1,118,261,245
MSTRG.33523,1,397,295,512,1,392,1,584,372,222,1,525,1,239,68,236
MSTRG.13930,1,230,1339,166,1,207,1,77,265,322,14,808,3,1008,282,617
MSTRG.41871,1,46,1,1,1,20,1,8,936,55,1,120,1,32,153,17
MSTRG.32333,1,66,296,119,1,80,63,158,46,32,1,122,1,83,1,39
MSTRG.20873,1,113,1391,4,5,46,1,101,277,63,1,224,1,327,23,133
MSTRG.48595,1,188,1872,97,1,126,1,31,135,134,1,301,1,204,1,59
MSTRG.20440,1,27,310,6,1,16,60,2,8,11,4,30,1,12,1,5
MSTRG.758,1,526,742,540,1,462,120,681,62,278,1,702,2,384,1,166
MSTRG.24552,1,91,1,131,440,64,1,120,1,97,847,222,1,182,1,98
MSTRG.37717,2,313,964,441,4,448,2,484,574,655,2,1385,4,764,194,902
MSTRG.17900,1079,124,1,62,1,128,1,101,1,165,1,344,1628,320,1,181
MSTRG.39747,1,398,721,225,5,293,1,387,433,304,1,481,4,318,349,155
MSTRG.40377,1,852,66,594,1,722,159,551,437,649,42,1627,1,1253,333,1065
MSTRG.48742,117,146,51,196,295,93,1,146,1,87,84,264,2090,130,1,57
MSTRG.36939,1,323,1737,168,4,194,1,324,78,195,1,459,1,359,88,276
MSTRG.48562,356,454,1,241,114,288,1,319,1,168,336,366,314,392,33,182
MSTRG.31606,1,26,1,60,142,49,1,90,1,23,285,76,1,16,1,46
MSTRG.29329,1,109,473,15,1,128,38,230,159,108,1,307,1,221,1,215
MSTRG.38709,885,1393,1,1198,278,1150,1,1351,412,1263,476,2654,163,2419,210,1479
MSTRG.37215,2,113,209,104,1,106,404,184,3,128,1,214,1,123,12,78
MSTRG.6655,1,303,1825,90,1,259,1,183,56,86,1,279,1,288,1,122
MSTRG.41455,1,86,1013,35,1,154,1,94,382,91,1,160,1,250,1,195
MSTRG.12566,1,188,1,212,1272,181,1,172,1,237,445,683,1,289,1,285
MSTRG.23482,472,489,1,158,861,294,1,468,179,371,166,1192,350,768,38,576
MSTRG.21967,1,59,1,40,663,1,1,35,1,10,308,45,128,33,1,11
MSTRG.47250,1,201,1,282,54,182,1,229,1,361,223,961,650,1756,5,1031
MSTRG.27892,1,85,3791,95,1,129,1,39,133,96,1,217,1,93,1,91
MSTRG.21669,296,307,1,269,658,153,1,187,161,358,122,893,2015,725,47,369
MSTRG.7755,1,94,1,1,1,20,1,17,271,43,1,144,1,175,96,45
MSTRG.6794,340,319,1,418,882,424,1,357,328,361,129,521,491,332,112,321
MSTRG.13098,1,86,542,43,1,96,1,80,307,113,1,271,1,140,1,98
MSTRG.1168,2,203,363,122,3,260,1,140,142,176,3,400,1,402,109,196
MSTRG.32860,1,310,1,205,226,295,1,310,1,392,83,634,162,913,1,396
MSTRG.43138,1,351,558,368,1,343,129,554,21,234,1,673,1,480,1,290
MSTRG.24101,1,96,462,68,1,103,1,142,33,78,1,217,1,145,32,42
MSTRG.28953,1,754,1,482,1,508,289,843,127,420,1,1082,1,617,58,377
MSTRG.3790,1,6,1809,8,7,264,1,9,357,121,1,175,1,177,1,160
MSTRG.10346,1,193,1355,34,1,92,1,114,338,174,1,237,1,66,1,97
MSTRG.37755,192,169,1,481,1,252,1,176,1,178,1,442,1423,320,1,267
MSTRG.29207,1,191,214,65,1,125,1,219,586,222,1,905,1,642,1,238
MSTRG.17907,1,96,743,1,1,137,1,157,336,173,1,159,1,336,139,210
MSTRG.31172,1,87,1,309,778,70,1,49,1,190,196,204,1,358,1,199
MSTRG.12850,1,130,1092,126,1,103,1,122,169,135,1,687,1,314,1,131
MSTRG.11134,97,511,881,660,197,670,186,769,507,595,3,1515,1,963,282,592
MSTRG.13719,1,76,1,7,1,125,1,19,216,236,1,776,1,649,137,305
MSTRG.27881,1,149,476,46,1,89,1,123,315,37,1,88,1,96,1,75
MSTRG.32652,1,479,851,173,1,227,1,246,129,211,1,698,1,475,1,228
MSTRG.50216,1,154,1340,140,1,178,1,71,162,184,1,600,1,253,1,200
MSTRG.38042,1,145,360,68,1,118,1,96,383,119,1,230,1,223,1,154
MSTRG.17441,1,94,994,9,1,35,1,1,14,29,1,119,1,61,1,73
MSTRG.4793,1,1,1,186,2744,59,1,39,1,22,468,260,1,181,1,80
MSTRG.48082,1,144,474,41,1,91,251,100,2,26,1,87,1,56,1,39
MSTRG.45215,420,196,1,111,1472,251,1,157,113,162,191,703,431,837,327,532
MSTRG.46789,1,571,230,402,1,550,1,497,269,472,1,1208,1,688,11,484
MSTRG.29001,1,87,479,138,1,102,1,42,663,161,1,414,1,305,1,159
MSTRG.43455,1,122,1,206,1624,227,1,111,1,288,347,707,1,991,1,635
MSTRG.3102,1,124,1,1,1,149,128,88,146,67,1,230,1,237,1,78
MSTRG.39129,1,328,765,281,3,338,1,306,43,274,1,484,1,464,178,229
MSTRG.9414,1,52,285,1,1,72,1,143,617,65,1,88,1,159,113,85
MSTRG.29016,1,40,750,1,1,66,1,25,1,1,1,186,1,52,78,32
MSTRG.17199,1,285,3,154,675,293,1,200,1,35,302,436,865,288,1,131
MSTRG.23046,1,256,877,138,1,238,1,281,591,359,1,310,1,568,1,288
MSTRG.30485,1,21,297,9,1,18,1,45,296,16,1,69,1,48,1,25
MSTRG.36479,1,18,1,77,769,52,1,76,1,70,48,142,1,26,1,60
MSTRG.42066,1,45,1,71,2207,152,1,145,1,97,369,349,1,299,1,129
MSTRG.16956,1,219,1571,122,1,206,1,320,83,235,2,626,4,277,84,311
MSTRG.5464,1,112,689,98,1,86,1,117,516,146,1,269,1,352,1,216
MSTRG.1663,1,232,1,283,349,171,1,154,1,142,134,186,11,256,1,110
MSTRG.41352,1,15,1,1,1,22,1,2,582,1,1,25,1,25,1,1
MSTRG.25524,1,422,1,184,1001,365,1,197,1,307,28,960,1419,559,1,364
MSTRG.20988,1,732,1370,506,3,1122,68,305,1070,1162,525,2735,3893,4411,1079,2629
MSTRG.34440,1,1393,889,952,1,1536,1,1822,904,708,33,1947,1,1917,254,1103
MSTRG.36385,1,251,1103,231,1,493,1,396,495,369,13,950,1,1195,110,732
MSTRG.38734,1,123,938,58,1,112,227,138,1,84,1,237,1,169,4,160
MSTRG.26779,1,267,1,201,1010,226,1,233,1,202,278,350,1,459,1,314
MSTRG.38777,5,270,1,271,176,216,1,239,1,122,423,264,1,183,1,104
MSTRG.7195,1,141,1,79,1,193,80,87,61,165,1,538,1,167,28,175
MSTRG.38654,1,519,379,199,4,198,226,309,119,115,3,670,45,330,64,161
MSTRG.2174,1,156,1,43,2302,97,1,71,1,201,264,325,1,253,1,207
MSTRG.37053,1,149,429,124,1,126,1,57,230,172,1,460,1,301,1,187
MSTRG.43716,1,328,385,459,1,516,127,222,1044,419,86,695,82,1266,65,767
MSTRG.3479,1,7,163,1,3,30,1,5,90,22,1,51,1,68,1,35
MSTRG.28877,472,414,1,393,989,685,1,220,616,1044,1009,1977,291,2096,796,1517
MSTRG.31687,1587,60,1,30,967,14,1,155,1,17,1,10,1,30,1,145
MSTRG.9373,301,2382,1,2599,698,2545,1,2121,17,3159,338,4705,111,6819,367,3862
MSTRG.33400,1,246,1,91,2548,94,1,164,1,30,103,71,1,53,1,67
MSTRG.46686,1,100,297,25,1,61,1,52,125,85,1,109,1,214,1,136
MSTRG.805,1,522,2532,510,1,391,42,489,123,380,19,612,3,306,21,339
MSTRG.17668,821,313,3,117,419,371,1,288,256,348,433,706,406,591,113,414
MSTRG.12383,442,137,1,41,225,124,1,148,1,169,3,505,969,537,17,282
MSTRG.2158,1,237,958,108,1,12,1,229,657,17,1,451,1,542,3,343
MSTRG.42451,1,578,37,729,17,640,240,484,508,505,5,1127,1,1210,227,672
MSTRG.13681,1,348,308,323,1,442,1,316,132,276,1,656,3,386,31,253
MSTRG.45338,1,54,1481,103,3,65,1,79,650,162,1,314,1,314,1,169
MSTRG.23381,1,35,1449,27,1,35,1,35,97,39,1,331,1,80,1,119
MSTRG.8945,1,27,1,134,434,64,1,56,1,99,99,230,354,120,17,49
MSTRG.9160,1,79,1,203,527,102,1,134,1,122,114,227,1,242,1,101
MSTRG.18973,1,171,1,121,897,283,1,75,1,269,133,607,513,420,8,337
MSTRG.46728,4,54,604,4,3,25,3,42,109,58,1,186,1,88,1,49
MSTRG.8659,1,108,9,24,1,100,1,122,199,45,1,211,1,71,29,68
MSTRG.43743,1,78,930,167,1,142,1,157,371,71,1,330,1,170,1,211
MSTRG.15145,36,34,1,11,548,59,1,10,4,6,13,8,113,6,1,13
MSTRG.41032,1,41,1,154,181,108,1,67,1,153,380,366,1,325,1,251
MSTRG.38438,81,221,2,165,242,177,1,178,9,242,89,416,16,172,1,56
MSTRG.29082,1,92,1274,88,3,41,1,73,21,13,1,68,1,34,30,22
MSTRG.42817,1,84,866,13,1,81,1,63,1,34,1,237,1,118,46,20
MSTRG.36930,1,18,1,18,571,16,1,37,1,11,42,6,1,7,5,13
MSTRG.35170,2,60,1,15,1,28,234,17,1,7,1,24,1,45,27,13
MSTRG.29585,1,23,49,1,1,4,1,5,298,10,1,28,1,3,1,3
MSTRG.41921,77,373,2,380,702,511,1,430,1,402,45,945,105,774,30,512
MSTRG.11640,1,861,537,522,5,731,176,918,95,625,1,850,1,703,1,729
MSTRG.19205,1,180,489,187,1,159,747,181,3,108,1,251,1,131,1,97
MSTRG.37043,351,123,1,49,72,110,1,90,49,123,56,145,334,170,28,130
MSTRG.34712,1,105,1,96,385,109,1,166,1,337,362,750,1,668,1,347
MSTRG.5106,1302,304,1,262,766,463,1,336,1,259,1,853,752,1088,53,635
MSTRG.37480,1,70,320,111,1,211,1,53,296,231,1,432,1,204,1,108
MSTRG.11418,1,420,402,496,1,569,1,547,47,249,1,952,1,339,77,743
MSTRG.6893,1,237,1,191,1,310,562,328,308,188,1,629,1,928,1,290
MSTRG.47760,849,262,11,227,1184,34,1,95,1297,853,2492,2821,10046,3473,2630,1479
MSTRG.22990,321,1269,4,916,800,1124,1,1267,142,656,284,1451,104,793,37,533
MSTRG.34714,1,58,1,67,422,57,1,86,1,199,214,452,1,400,1,185
MSTRG.29502,1,130,1,201,2628,143,1,154,1,71,89,259,1,286,1,122
MSTRG.30804,1,244,1134,507,4,163,139,259,190,176,1,360,1,155,1,189
MSTRG.19007,1,235,1,277,1071,235,1,208,1,196,94,366,1,192,1,151
MSTRG.25505,1,208,45,71,1,140,106,218,1,133,1,290,1,157,41,182
MSTRG.28358,1,572,183,374,1,417,154,509,497,459,326,976,307,723,586,532
MSTRG.44258,1,100,1,64,1967,239,1,141,1,134,211,274,1,298,1,175
MSTRG.23244,55,385,1,261,1104,291,1,308,29,313,649,814,211,678,162,309
MSTRG.38914,1,101,24,1,1,97,3,81,84,40,1,243,1,100,1,34
MSTRG.13730,1,67,1,65,240,50,1,68,1,77,195,261,1,176,1,197
MSTRG.6336,1,44,1,1,1,79,193,65,200,76,1,253,1,311,1,142
MSTRG.40167,1308,147,1,488,159,573,1,219,265,829,664,1470,902,2553,1036,1066
MSTRG.43994,1,42,1,33,2893,145,1,38,1,80,212,242,1,35,1,118
MSTRG.7456,1,1098,1408,974,2,1135,155,915,1076,1131,660,2089,131,1936,245,1292
MSTRG.43589,104,415,1,485,110,400,1,1023,53,214,57,464,222,507,37,253
MSTRG.19319,219,185,1,209,276,220,1,192,1,229,415,412,340,354,112,203
MSTRG.22944,1,653,39,253,1,138,198,502,224,132,1,866,1,107,1,89
MSTRG.48462,1,237,2312,116,1,196,1,250,763,148,33,288,1,174,28,123
MSTRG.36731,1,135,1,71,1,211,338,79,400,281,1,550,1,795,1,518
MSTRG.45077,1,166,1100,204,1,205,1,238,148,115,1,373,1,299,1,255
MSTRG.13026,1,51,119,68,1,50,1,34,194,69,1,225,1,232,1,79
MSTRG.23247,504,160,2,185,716,275,1,222,185,280,101,689,1045,590,420,273
MSTRG.33334,1,223,923,235,1,183,1,202,207,216,1,333,1,280,1,152
MSTRG.10190,1,33,470,11,1,24,1,58,131,23,1,92,1,33,1,38
MSTRG.28395,1,201,417,183,6,167,1,250,240,260,1,222,1,193,228,102
MSTRG.14966,487,934,6,350,1452,1123,1,582,195,428,291,969,1111,1711,604,1072
MSTRG.711,1,147,716,24,4,86,1,127,254,122,1,367,1,248,1,193
MSTRG.40059,1,100,395,66,1,123,1,77,1,92,1,444,1,320,388,181
MSTRG.224,1,90,171,68,1,110,1,145,320,124,1,331,1,296,1,152
MSTRG.16743,519,43,1,62,1,90,1,202,1,329,51,171,3,205,1,518
MSTRG.23697,1,18,1,43,259,55,1,40,1,19,66,62,1,36,1,87
MSTRG.44909,1,755,416,554,1,802,1,676,277,608,1,1180,1,629,1,484
MSTRG.24729,1,332,197,370,1,472,1,337,671,331,1,509,1,770,1,401
MSTRG.22765,1,198,1815,55,1,281,1,161,1,159,1,694,1,836,223,552
MSTRG.24439,1,273,1059,173,1,194,92,193,6,121,1,253,1,141,1,160
MSTRG.49100,1,16,218,13,1,1,1,14,10,13,1,146,1,129,14,18
MSTRG.12932,1,1,1,1,2,1,1,39,1,1,1,1,832,1,1,8
MSTRG.216,1,62,980,87,1,60,1,78,249,5,1,43,1,36,1,53
MSTRG.24789,253,33,1,98,18,29,1,46,5,35,1,78,36,36,4,37
MSTRG.19327,1,180,1,273,150,169,1,218,1,161,147,173,1,155,1,87
MSTRG.32285,1,60,1,83,1558,75,1,10,1,161,505,340,1,405,2,204
MSTRG.36344,1,74,603,66,1,169,1,277,327,157,1,521,1,224,1,247
MSTRG.6599,1,57,1188,73,1,117,1,153,62,46,1,329,1,216,1,123
MSTRG.5567,1,55,1,15,1,43,628,37,1,74,1,68,1,97,66,58
MSTRG.24330,896,900,1,685,987,1274,1,431,201,1321,214,3824,2343,4628,2040,2166
MSTRG.23127,1,101,1,92,355,117,1,152,1,75,163,237,1,95,1,78
MSTRG.6265,2,675,729,395,1,335,15,503,128,194,7,696,1,298,2,140
MSTRG.14027,1,114,159,104,1,92,1,101,394,162,1,435,1,359,1,211
MSTRG.49659,1,3,1,1,425,1,1,5,1,8,17,1,1,1,1,1
MSTRG.37004,1,315,1061,406,1,204,1,188,250,155,1,416,2,337,1,255
MSTRG.25009,1,138,1,218,1212,112,1,198,1,66,62,268,1,168,1,123
MSTRG.25939,1,94,1,50,1,66,342,34,1,54,1,450,1,201,29,142
MSTRG.2423,134,295,1,211,3,181,1,204,1,191,1,372,534,324,1,158
MSTRG.6611,1,279,668,154,1,187,1,133,1,191,1,622,1,368,257,280
MSTRG.8084,1,145,269,109,1,107,1,53,1,48,1,315,1,208,46,64
MSTRG.39922,1,178,154,69,1,253,224,285,153,183,25,639,110,177,201,222
MSTRG.41839,1,85,1,30,1,119,1,44,596,102,1,391,1,307,192,211
MSTRG.17675,1,83,401,14,1,81,158,57,1,29,1,160,1,51,1,41
MSTRG.49561,1,60,611,90,1,44,1,27,259,78,1,276,1,70,1,80
MSTRG.1146,573,16,1,57,1,31,1,65,1,44,230,139,1,64,1,44
MSTRG.39413,1,92,728,13,1,52,1,16,439,34,86,225,1,187,87,106
MSTRG.10538,1,95,250,94,1,150,1,57,126,159,1,389,1,203,1,164
MSTRG.13931,1,127,1,165,637,179,1,317,1,158,84,442,1,233,1,162
MSTRG.18525,1,302,1,171,1,331,81,352,283,186,1,393,1,184,12,102
MSTRG.38680,1,67,252,17,1,35,1,10,1,31,1,107,1,180,11,36
MSTRG.7814,324,280,1,100,334,126,1,175,64,84,55,211,147,141,67,104
MSTRG.7801,1,104,353,203,1,175,1,92,540,143,1,341,1,92,1,131
MSTRG.45356,1,190,1481,175,1,180,1,103,1,312,1,749,1,917,275,418
MSTRG.25539,1,257,774,203,1,191,1,191,489,121,15,228,1,208,24,104
MSTRG.5977,1,66,867,82,1,111,1,83,55,102,1,228,1,172,1,37
MSTRG.43869,1,182,3,76,1863,216,1,169,1,140,285,317,1,616,1,388
MSTRG.47921,1,44,1,1,1,16,418,17,232,38,1,132,1,94,1,104
MSTRG.47080,2,14,1,87,309,13,1,37,1,21,71,70,1,11,2,1
MSTRG.31059,1,282,801,235,1,205,1,364,9,85,1,298,1,188,64,128
MSTRG.46898,1,11,1,78,116,154,1,60,1,112,26,215,127,183,3,107
MSTRG.23112,2,178,330,128,1,117,1,137,219,101,1,251,1,107,4,151
MSTRG.44614,1,24,1,103,715,92,1,42,1,151,73,202,1,261,1,93
MSTRG.12076,1,265,129,23,1,140,1,155,1,62,1,704,1,276,171,223
MSTRG.9146,1,335,202,242,5,246,1,483,203,128,1,448,1,293,32,200
MSTRG.761,1,215,1,127,371,123,1,260,1,125,62,276,1,120,1,178
MSTRG.34096,1,213,127,157,1,190,1,164,67,130,1,91,1,151,37,91
MSTRG.45318,1,324,1944,625,4,643,1,203,35,377,3,1333,1,924,40,753
MSTRG.24261,1,134,584,74,1,180,1,195,408,209,1,361,3,135,1,125
MSTRG.41925,1,1,1,12,444,1,1,26,1,4,1,1,1,1,1,3
MSTRG.20698,1,91,128,51,1,78,1,108,195,84,1,182,1,68,1,47
MSTRG.23853,1,400,268,193,1,393,1,449,204,157,1,494,1,181,1,223
MSTRG.28164,1,257,1509,77,3,257,476,108,478,158,429,618,1,538,402,370
MSTRG.24232,97,1038,6,824,1144,755,1,986,3,477,385,1355,3,539,15,510
MSTRG.7560,1,107,985,23,15,81,1,35,54,145,1,409,2,285,22,208
MSTRG.5775,1,210,1,88,1227,206,1,134,1,311,1,533,796,439,1,331
MSTRG.37992,208,93,2,21,2,29,1,56,1,87,68,13,56,53,1,15
MSTRG.31301,1,224,1,100,1908,77,1,187,1,184,39,372,1,200,1,155
MSTRG.18985,1,231,274,148,1,229,1,222,200,166,1,257,1,403,1,253
MSTRG.30947,2357,270,1,217,389,403,1,339,1338,413,613,1417,3561,1088,9,602
MSTRG.24510,1,244,2501,73,4,230,1,401,155,270,1,525,1,255,1,218
MSTRG.2826,1,60,880,4,1,38,1,58,59,75,1,59,1,38,1,13
MSTRG.32501,1,259,661,60,4,245,1,370,171,212,5,805,1,204,44,247
MSTRG.42327,1,592,1,290,469,448,1,709,1,346,1,683,661,329,1,359
MSTRG.15026,1,185,394,159,1,219,1,246,311,291,1,608,1,310,1,406
MSTRG.6347,1,156,1,165,461,193,1,157,1,285,57,294,1,208,1,209
MSTRG.19363,1,323,150,354,2,328,1,372,249,313,3,492,1,335,93,252
MSTRG.447,1,258,287,270,1,162,1,277,479,228,1,598,1,295,1,254
MSTRG.1844,368,39,1,209,1,66,1,72,1,122,141,331,1,173,1,110
MSTRG.14285,1,40,1,91,1619,130,1,26,1,116,70,158,1,121,1,79
MSTRG.15284,1,106,1019,148,132,351,159,114,146,249,1,527,1,461,90,332
MSTRG.37030,1,257,497,204,2,238,1,289,56,207,1,498,1,404,9,255
MSTRG.41687,1,384,932,189,1,306,1,213,1,345,1,421,1,343,599,224
MSTRG.3898,1,276,338,136,1,149,508,193,12,171,37,345,1,95,97,102
MSTRG.43546,1,19,1068,1,1,66,5,37,33,134,1,293,1,452,1,232
MSTRG.41420,1,56,1,259,1,132,1,189,1,97,521,225,417,406,1,247
MSTRG.4754,1,149,1,29,1308,117,1,91,1,66,141,124,1,161,1,158
MSTRG.28223,1,108,232,237,1,145,1,211,594,224,1,562,1,272,1,143
MSTRG.6801,1,89,190,55,2,24,1,50,42,34,2,126,1,123,10,49
MSTRG.49897,1,57,306,30,1,1,1,8,33,37,1,258,1,17,56,70
MSTRG.37674,1,135,126,155,1,86,1,242,138,95,1,179,1,154,23,134
MSTRG.16865,1,57,4,1,1,72,1,16,277,41,1,80,1,41,1,26
MSTRG.36509,636,75,1,139,138,39,1,22,1,31,5,65,1,65,1,25
MSTRG.13645,1,554,112,219,1,191,1,400,611,164,1,369,1,221,1,193
MSTRG.15178,1,212,132,126,1,183,1,199,327,178,1,248,1,441,1,229
MSTRG.42521,1,270,1,167,216,174,1,436,1,139,247,236,1,311,1,122
MSTRG.22265,1,175,1,43,1,154,379,160,184,146,1,374,1,160,1,114
MSTRG.8657,1,211,805,258,1,198,1,289,286,141,1,215,1,127,1,185
MSTRG.37103,1,12,1,64,1165,58,1,25,1,53,1,87,475,201,1,66
MSTRG.34855,1,158,1,197,407,227,1,273,1,113,150,434,1,177,1,116
MSTRG.16997,1,136,131,161,1,185,1,166,452,172,1,397,1,401,1,293
MSTRG.35871,306,14,1,10,1,97,1,24,1,73,1,161,397,23,1,144
MSTRG.50854,1,63,982,18,15,60,1,30,53,163,1,362,1,276,22,192
MSTRG.36404,29,37,1,59,14,116,1,94,1,56,235,141,2,100,1,85
MSTRG.29662,1,227,1,249,526,201,1,337,1,162,67,421,1,249,1,170
MSTRG.26351,1,265,1,279,1,178,211,286,614,164,25,638,1,399,154,120
MSTRG.2989,1,137,1,203,251,60,1,64,1,56,248,55,1,228,1,55
MSTRG.15763,1,556,1089,502,1,472,1,536,1,695,1,1468,1,1609,451,1077
MSTRG.3536,1,341,358,417,1,122,1,263,509,110,1,307,1,135,1,124
MSTRG.4430,105,208,1,96,308,222,1,311,4,97,24,118,1,113,3,78
MSTRG.22496,1,92,1,159,1,128,273,51,1036,65,1,257,1,123,1,46
MSTRG.15480,1,369,8,238,311,224,1,304,2,132,251,369,113,242,1,134
MSTRG.2668,1,77,1,56,35,17,1,91,1,70,126,68,1,48,1,31
MSTRG.22928,1,388,1,276,622,312,1,324,1,174,104,536,1,224,1,251
MSTRG.692,1,180,1,389,4424,235,1,143,1,262,394,830,1036,946,187,577
MSTRG.36340,1,473,1,673,2897,545,1,513,1,562,408,1065,1708,990,253,727
MSTRG.23855,1126,68,1,39,1602,51,1,152,1,54,1,125,1,231,1,87
MSTRG.23859,1,62,1647,6,1,19,1,41,1,40,1,98,1,113,133,73
MSTRG.50215,498,44,1,28,301,17,1,18,1,11,1,12,1,1,1,8
MSTRG.8812,1,181,1,151,5270,256,1,266,147,227,344,431,349,354,184,328
MSTRG.37199,1,112,76,162,1,91,1,161,103,75,1,177,1,149,18,103
MSTRG.12560,1,51,1,1,501,24,1,28,1,36,266,41,1,45,1,70
MSTRG.6935,1,129,345,139,1,207,1,186,76,104,1,278,1,286,1,151
MSTRG.27831,1,57,1,17,565,58,1,67,1,76,129,136,1,35,1,23
MSTRG.17507,1,152,1,81,1140,146,1,148,1,97,94,223,1,282,1,141
MSTRG.2763,943,798,59,913,1271,1326,1,768,230,1700,1009,4498,6231,6219,1282,3040
MSTRG.19428,1,19,135,8,1,16,74,59,1,27,1,54,1,17,50,15
MSTRG.12007,1,237,205,196,1,143,1,143,31,268,1,291,1,343,64,305
MSTRG.27690,1,370,626,434,1,372,1,445,222,322,1,451,1,296,1,256
MSTRG.15580,1,80,1957,46,1,94,1,107,1,84,1,299,1,178,126,114
MSTRG.41793,1,137,397,89,1,103,1,146,58,64,1,247,1,104,1,101
MSTRG.47757,1,140,1,47,992,70,1,124,1,58,111,220,1,192,1,123
MSTRG.11411,1,116,1,188,835,113,1,196,1,139,1,565,522,54,1,114
MSTRG.18679,1,188,1,52,1,156,1,14,687,181,1,260,1,343,127,159
MSTRG.15974,1,186,1,98,1,123,1,62,795,84,1,666,1,313,185,188
MSTRG.47566,1,81,1,14,792,39,1,75,1,45,55,176,1,34,1,103
MSTRG.28300,1,99,1,63,1,151,96,56,264,107,1,434,1,384,1,223
MSTRG.4873,1,4,1,5,1,5,1,1,1,7,263,3,347,1,1,6
MSTRG.18964,1,264,1,269,317,172,1,323,1,218,44,409,67,202,9,277
MSTRG.49665,5,373,1,151,3,131,1,116,1,208,175,766,733,340,1,331
MSTRG.36575,1,190,1,98,1389,163,1,117,1,183,83,432,1,430,1,312
MSTRG.12478,1,491,1,357,1023,232,1,352,35,244,276,430,703,244,1,276
MSTRG.20073,1,78,321,87,1,111,1,111,104,108,6,169,1,247,64,134
MSTRG.12766,1,93,1,1,1,168,297,115,1,78,1,294,1,187,52,145
MSTRG.35582,1,104,165,302,1,146,1,132,223,60,1,212,1,348,1,131
MSTRG.34524,696,111,1,194,1,111,1,132,1,109,160,204,1,148,1,86
MSTRG.5722,490,244,1,366,1,236,1,284,1,204,111,460,1,237,1,283
MSTRG.30151,1,181,668,162,1,308,219,125,172,384,360,607,252,909,150,531
MSTRG.10583,1,331,1,227,1,366,1,159,237,333,1,1016,1,1077,859,676
MSTRG.13213,1,25,9,11,1,17,1,14,333,45,1,64,1,54,15,42
MSTRG.25261,1,197,293,60,1,129,1,73,1,65,1,251,1,218,21,79
MSTRG.1597,1,23,600,1,1,5,1,8,1,32,1,76,1,56,22,24
MSTRG.16039,2,262,485,240,1,231,1,409,62,159,1,310,1,403,15,236
MSTRG.24555,1020,493,11,239,1067,625,1,342,2064,797,1686,2523,3077,2588,1337,1619
MSTRG.16731,534,44,1,71,1,25,1,101,1,57,146,302,1,146,1,62
MSTRG.11726,13,440,23,414,2,191,34,250,72,132,1,347,1,233,169,117
MSTRG.46875,1,40,318,86,5,85,4,77,198,39,5,137,1,125,28,98
MSTRG.15316,1,195,353,18,1,69,1,109,1,56,1,200,1,62,27,25
MSTRG.17891,1,89,1,1,1,56,1,1,1015,22,1,71,1,117,1,128
MSTRG.4074,1,129,1,116,505,276,1,144,1,168,1,388,1131,351,1,198
MSTRG.23023,1,205,1059,122,1,176,1,142,25,77,4,119,1,86,55,109
MSTRG.50151,133,122,1,130,1,111,1,159,1,102,256,188,1,79,1,98
MSTRG.9009,1,241,276,136,1,152,1,85,1,55,1,187,1,329,48,90
MSTRG.50164,1,1,1,1,256,1,1,323,1,1,1,1,378,1,1,1
MSTRG.37537,1167,161,1,165,1,219,1,216,1,142,697,541,1,461,1,182
MSTRG.45136,1,351,535,508,1,267,1,256,120,169,1,362,1,282,1,130
MSTRG.45611,1,235,1,2560,836,373,1,446,1,227,45,636,602,1780,49,529
MSTRG.44871,1,57,1,89,1108,51,1,117,1,14,20,21,5,17,10,34
MSTRG.49966,1,45,1,1,1,1,1,1,230,45,1,75,1,42,43,1
MSTRG.32434,1,198,1,272,789,112,1,264,1,153,1,371,256,307,1,136
MSTRG.43768,1,43,1488,62,1,15,1,93,246,18,1,118,1,17,1,33
MSTRG.23627,2,160,31,236,1,143,5,185,94,182,1,289,1,129,60,131
MSTRG.6438,399,319,1,311,1877,348,1,225,410,442,35,875,1389,843,208,509
MSTRG.2854,1,140,1,186,572,163,1,100,1,167,79,326,1,353,1,187
MSTRG.46483,1,108,75,53,9,123,1,113,355,120,1,326,1,198,27,182
MSTRG.24898,1,362,985,167,4,187,1,95,254,99,5,142,1,97,8,124
MSTRG.39303,1,485,1101,307,5,636,186,877,173,483,129,1586,17,882,215,652
MSTRG.3105,1,103,1,324,609,143,1,112,1,94,66,486,1,124,1,118
MSTRG.22803,1,22,243,8,1,47,1,16,1,9,1,24,1,55,104,15
MSTRG.461,1,271,312,259,1,160,1,320,238,181,1,490,1,218,1,209
MSTRG.16448,1,70,242,46,1,185,1,67,1,103,1,500,1,510,171,205
MSTRG.40200,92,140,2,105,1,191,1,65,1,141,429,535,246,392,4,238
MSTRG.26297,1,106,479,221,2,106,1,148,361,56,1,115,1,88,1,87
MSTRG.6869,1,25,281,1,1,11,1,16,1,1,1,56,1,44,51,28
MSTRG.42935,1,327,1186,227,2,269,2,329,153,422,1,827,3,313,1,204
MSTRG.5942,1,150,1,107,309,146,1,74,1,254,1,339,2058,461,1,283
MSTRG.37623,1,759,3408,907,4,587,1,783,113,494,1,605,3,527,3,312
MSTRG.2983,1,116,1,28,1,52,545,42,607,69,1,76,1,52,1,79
MSTRG.38422,1,165,708,170,1,187,1,188,53,102,1,208,1,155,1,99
MSTRG.29128,1,111,1,162,1,208,139,56,1,204,1,456,1,562,152,395
MSTRG.14050,1,62,640,89,1,78,1,103,65,67,1,122,1,82,1,35
MSTRG.41299,1,217,224,34,1,91,1,85,34,113,4,354,1,187,1,100
MSTRG.19998,1,147,1,129,1107,101,1,146,1,83,1,300,421,141,1,94
MSTRG.40940,1,599,2896,380,1,463,1,326,2454,455,42,1050,548,585,126,329
MSTRG.40900,1,97,1,179,501,77,1,156,1,89,21,222,1,96,1,51
MSTRG.14550,1,73,1,64,1,70,178,85,293,63,1,288,1,244,1,122
MSTRG.25519,1,313,1,312,438,251,1,344,1,319,85,548,1,573,1,221
MSTRG.11991,1,117,1,161,544,112,1,37,1,204,152,505,1,561,1,340
MSTRG.4724,1,151,1,105,983,140,1,244,1,121,1,477,298,332,1,186
MSTRG.22368,434,62,1,47,1,29,1,18,1,78,370,339,1,280,1,172
MSTRG.46053,1,500,1,612,1,308,83,367,790,641,1,685,1,393,117,730
MSTRG.8554,1,258,177,320,1,200,1,206,424,329,1,471,1,456,1,312
MSTRG.1130,1,278,609,229,1,167,404,268,222,136,74,390,1,282,6,111
MSTRG.11654,1,276,1,227,2351,178,1,157,1,96,58,406,1,231,1,82
MSTRG.40954,1,72,745,62,1,140,1,98,560,264,56,664,62,702,270,353
MSTRG.45780,1,36,1,1,1,50,372,71,251,53,1,171,1,37,1,53
MSTRG.24735,110,288,1,163,25,219,1,222,1,62,68,103,1,88,1,42
MSTRG.35605,1,442,114,110,1,416,1,175,4,257,1,687,1,384,55,285
MSTRG.15257,1,67,104,75,1,54,1,65,124,45,1,123,1,31,3,27
MSTRG.7636,1,121,595,103,1,168,364,96,1,210,1,669,1,436,1,321
MSTRG.14436,1,500,110,283,3,347,1,334,889,437,1,655,1,455,1,347
MSTRG.14464,226,11,1,36,1,23,1,7,1,14,208,32,1,46,1,23
MSTRG.37543,1,389,4,238,391,227,1,288,1,202,439,522,1852,440,34,254
MSTRG.37387,1,94,1,19,638,65,1,105,1,140,75,144,1,223,1,137
MSTRG.28790,1,20,709,149,1,14,1,193,292,28,1,132,1,236,1,45
MSTRG.12561,1,112,9,85,27,103,1,125,1,135,228,345,316,133,1,97
MSTRG.30887,1,136,1,73,305,105,1,79,1,122,51,200,1,64,1,85
MSTRG.10902,1,565,47,516,1,532,287,726,1,381,11,839,1,729,302,413
MSTRG.38822,377,490,6,232,798,1707,1,1706,127,1647,304,4404,387,2483,205,1741
MSTRG.40293,1124,146,1,261,42,104,1,107,50,164,213,297,51,446,129,353
MSTRG.2530,1,371,312,482,1,302,1,271,72,162,1,577,1,157,5,167
MSTRG.37430,1,40,227,76,1,138,1,100,1,32,1,261,1,194,231,64
MSTRG.4237,1,49,1,26,409,86,1,77,1,47,107,116,1,37,1,23
MSTRG.15223,1,239,1,290,33,241,2,417,1,102,274,162,13,138,4,175
MSTRG.11606,1,148,1,227,627,60,1,204,1,72,24,214,1,160,1,67
MSTRG.32388,421,182,1,127,1,66,1,189,1,149,244,464,1,285,1,166
MSTRG.36268,1,159,1,45,279,61,1,114,1,152,341,547,1,496,1,232
MSTRG.10417,1,77,1,58,1,107,1,76,885,163,1,383,1,483,384,337
MSTRG.22810,1,387,1,45,1,317,363,192,1,209,1,736,1,330,11,261
MSTRG.31030,1,328,857,144,1,350,110,130,870,443,416,961,1,1263,346,720
MSTRG.20066,250,776,5,693,1575,1021,1,820,825,1018,282,2426,2476,2166,190,1252
MSTRG.19167,1,167,623,377,1,89,1,124,108,96,1,587,3,325,2,122
MSTRG.13127,498,17,1,1,1,17,1,15,1,21,1,44,733,63,1,26
MSTRG.34854,1,24,1,27,313,26,1,54,1,79,391,149,1,66,15,92
MSTRG.27726,356,125,1,66,1,105,1,114,1,79,94,188,1,46,1,114
MSTRG.380,204,331,1,385,1147,621,1,489,717,454,239,807,607,611,133,392
MSTRG.17112,1,136,699,167,1,94,183,66,122,76,66,115,1,129,123,69
MSTRG.21169,1,153,676,131,1,102,1,121,1,265,1,364,1,454,513,218
MSTRG.40407,235,510,12,328,550,1430,1,501,588,1436,1695,4559,8511,6523,2579,2927
MSTRG.38007,1,175,663,69,1,84,1,147,1,53,1,164,1,98,56,48
MSTRG.16545,1,113,1,246,1,204,1,149,1,168,321,171,441,246,1,164
MSTRG.12386,1,117,2,14,1,173,295,119,20,108,1,130,2,165,3,109
MSTRG.34317,1,2,1,1,378,10,1,30,1,16,1,6,270,20,1,5
MSTRG.16575,1,5,440,30,1,19,1,26,271,22,1,32,1,42,1,26
MSTRG.40055,1,1485,834,820,2,1078,1060,1597,84,670,75,1351,3,1052,3,577
MSTRG.2208,1,216,841,123,1,384,1,174,649,425,83,1215,1,1812,275,828
MSTRG.44202,1,275,1,290,398,332,1,388,1,222,59,754,1,396,1,469
MSTRG.38043,256,175,1,219,1,142,1,219,1,129,166,196,1,148,1,99
MSTRG.23710,4,1426,4171,1270,100,2045,1211,1465,864,1475,511,3436,689,4725,911,2080
MSTRG.38415,1,500,1,244,1,479,1,323,987,551,5,1032,1,1311,868,519
MSTRG.41265,540,65,1,115,1,48,1,118,5,33,1,242,246,164,1,45
MSTRG.37912,1,70,1,140,1,121,1,136,1,212,267,428,514,545,1,480
MSTRG.34014,1,77,1,1,1,67,1,1,1,83,1,322,1,243,180,158
MSTRG.43865,1,78,1606,84,1,97,1,81,28,81,1,175,1,69,1,80
MSTRG.31001,1,94,1,7,1,85,1,4,696,50,1,98,1,294,1,71
MSTRG.1497,1,196,1,48,1009,86,1,199,1,131,60,270,1,185,1,75
MSTRG.35376,1,167,1,130,3,185,134,170,1,102,1,405,1,347,98,156
MSTRG.12882,1,104,1,96,594,151,1,173,1,37,93,193,1,98,1,37
MSTRG.15203,1,87,1,137,1,118,83,77,1,102,1,473,1,225,102,145
MSTRG.18141,987,11,1,48,1,19,1,75,1,29,1,8,1,2,1,19
MSTRG.1383,249,234,9,378,43,140,2,316,19,174,244,890,55,270,4,191
MSTRG.30866,1,897,1304,721,1,661,1,780,1,444,1,776,1,1117,152,438
MSTRG.24538,1,1,562,1,1,8,1,1,141,1,1,1,1,1,1,1
MSTRG.1178,352,239,1,297,1,296,1,279,1,159,455,553,1,533,1,278
MSTRG.1235,1,74,1,34,161,64,1,68,1,177,533,598,1,545,1,188
MSTRG.38423,570,253,1,248,1,205,1,253,1,142,150,380,1,224,1,159
MSTRG.18331,1,78,1,1,1,12,1,2,285,1,1,28,1,14,1,3
MSTRG.23750,1,383,362,171,3,241,1,285,71,114,1,272,1,151,1,79
MSTRG.46302,1,355,1,149,611,261,1,583,1,229,54,694,1,443,1,296
MSTRG.1153,1,38,1,3,1,176,2,25,33,130,1,327,2,278,175,146
MSTRG.36896,1,402,1,350,429,600,1,518,55,626,572,1341,1814,1269,137,655
MSTRG.29731,51,72,1,37,38,40,1,40,1,51,53,74,1,160,1,75
MSTRG.24398,1,1,1,1,618,1,1,59,1,71,1,1,1,67,1,71
MSTRG.8313,1,65,2,39,758,73,1,80,1,104,21,32,1,106,1,66
MSTRG.23833,1,190,870,98,4,63,1,141,10,76,2,232,1,167,40,82
MSTRG.35274,1,186,1,169,421,315,1,221,1,184,79,406,1,398,1,261
MSTRG.25997,1,90,1,62,1693,119,1,50,1,25,1,71,538,66,1,35
MSTRG.21492,251,288,1,232,1,229,3,187,3,155,225,431,23,226,1,131
MSTRG.37000,1,130,1,35,1,128,1,140,472,91,1,197,1,67,314,63
MSTRG.23090,1,170,1754,186,4,133,1,151,109,187,1,380,1,131,1,138
MSTRG.16127,1,280,1,184,711,269,1,236,1,242,44,648,1,238,1,262
MSTRG.34007,1,72,1,1,1,61,1,1,1,71,1,162,1,208,192,67
MSTRG.19345,1,93,1,28,1,120,1,98,469,97,1,277,1,104,116,72
MSTRG.43757,1,57,279,110,3,59,1,43,269,37,1,122,1,124,1,201
MSTRG.31005,1,126,274,62,1,311,1,104,1,208,1,942,1,875,128,574
MSTRG.37997,1,261,1,201,1,326,1,431,1,391,209,655,1618,357,1,271
MSTRG.15983,1,66,1,1,1,25,1,1,342,47,1,138,1,31,1,39
MSTRG.14669,1,124,184,148,4,80,1,45,1,66,1,386,1,402,155,255
MSTRG.29311,1,323,2467,371,1,216,1,263,269,167,11,226,1,251,1,148
MSTRG.8301,1,202,569,199,1,114,1,118,1,154,1,518,1,238,82,188
MSTRG.32061,49,19,1,7,336,12,1,9,3,3,62,29,67,18,7,3
MSTRG.32287,1,754,1,458,1,818,569,588,361,1079,72,2047,1,1458,110,448
MSTRG.45707,1,38,1,89,1,52,475,158,1,75,1,141,1,107,124,53
MSTRG.40589,1,100,1,151,40,48,1,111,2,103,363,178,1,267,1,91
MSTRG.9845,1,208,226,99,1,125,1,113,58,159,1,319,1,105,1,135
MSTRG.13108,1,18,1,27,1,29,214,35,1,37,1,55,1,108,58,38
MSTRG.18681,1,166,761,51,5,119,1,160,1,121,1,404,1,285,280,219
MSTRG.10669,1,357,538,172,1,203,6,317,1,193,1,525,1,204,33,154
MSTRG.41650,1,50,643,19,1,50,1,53,1,76,1,206,1,124,80,118
MSTRG.31003,1,213,3,306,647,249,1,256,1,359,162,703,728,304,58,458
MSTRG.45677,1,208,1,26,1,146,84,502,650,399,1,647,1,450,1,174
MSTRG.24908,1,13,1,1,287,17,1,12,1,7,145,6,1,10,1,9
MSTRG.26832,698,302,37,344,2683,586,1,295,1150,1118,1472,2864,3560,3362,789,1655
MSTRG.11095,453,734,9,535,782,1246,1,259,568,2720,243,8746,7315,15600,611,6505
MSTRG.39815,537,137,1,202,601,102,1,83,1,57,98,170,1,62,41,116
MSTRG.31613,1,440,1,175,1,328,325,247,1,338,1,815,1,496,31,422
MSTRG.41483,1,79,498,92,1,40,1,36,1,68,1,185,1,214,64,90
MSTRG.6674,1,2198,173,150,25,1640,860,91,104,875,218,2193,14,1672,144,770
MSTRG.50937,1,14,18,22,1,75,34,13,8,25,17,254,10,884,8,1
MSTRG.47231,1,260,69,123,29,272,130,198,336,261,1,381,3,383,29,183
MSTRG.40229,1,200,5,205,574,153,1,166,1,172,98,390,1569,306,29,187
MSTRG.3471,1,138,1,66,1766,189,1,132,1,89,1,172,158,339,1,175
MSTRG.36725,1,79,348,62,1,30,1,57,147,81,1,73,1,70,1,106
MSTRG.3538,1,625,24,522,680,499,4,629,2,490,157,1133,165,640,1,372
MSTRG.3130,1,380,3,469,380,315,1,385,1,148,104,409,1,273,1,172
MSTRG.27794,1,474,1,196,1,514,111,178,1,215,1,434,1,262,55,267
MSTRG.11180,1,153,1,47,1,80,1,29,279,36,1,101,1,98,31,17
MSTRG.28714,1,92,1,12,607,63,1,61,1,65,1,171,340,87,1,69
MSTRG.36167,1,72,284,69,2,118,1,67,26,59,1,185,1,65,1,41
MSTRG.6391,1,446,1037,309,1,534,1,235,1260,1026,236,2850,1,2434,515,1217
MSTRG.35653,1,289,154,315,1,349,1,339,187,382,1,890,1,362,1,352
MSTRG.13899,1,261,64,333,1,268,1,188,541,200,1,634,1,231,1,352
MSTRG.13035,1,134,1077,260,1,196,1,244,204,150,1,37,1,293,1,142
MSTRG.26989,1,127,1,159,143,131,1,211,1,61,1,203,429,142,1,145
MSTRG.23567,1,122,1,119,1,111,143,163,341,99,1,110,1,156,1,62
MSTRG.26005,1,53,1,31,273,74,1,61,1,124,74,196,1,359,1,194
MSTRG.24460,1,412,1,238,831,240,1,378,5,278,112,503,1,362,1,179
MSTRG.36213,1,75,264,147,1,144,1,123,57,73,1,312,1,108,1,132
MSTRG.16201,1,469,4091,95,7,422,110,400,586,449,957,1016,1191,1057,498,720
MSTRG.319,412,24,1,21,36,26,1,27,1,29,20,63,1,63,1,16
MSTRG.14998,1,34,1,10,1,47,1,12,25,105,1,356,1,501,265,157
MSTRG.6490,1,68,20,79,1,65,1,55,76,79,1,240,1,39,37,80
MSTRG.7089,1,167,6,803,428,181,1,188,1,394,49,310,1511,732,71,372
MSTRG.17307,1,180,266,137,1,135,1,107,31,167,1,503,1,225,1,157
MSTRG.29495,1,162,941,80,1,82,1,135,1,109,1,193,1,148,75,69
MSTRG.34972,814,684,1,483,237,366,1,321,23,338,310,747,1,518,38,405
MSTRG.6919,206,121,1,186,1,47,1,37,1,22,254,220,1,176,1,60
MSTRG.3167,1196,316,1,194,941,254,1,179,1,139,1,380,1,354,1,205
MSTRG.47141,1,160,1,17,1,103,1,66,226,204,1,305,1,343,271,348
MSTRG.26530,1,159,725,147,1,177,3,167,1,110,1,223,1,184,67,95
MSTRG.9094,1,52,1,25,1,10,393,16,249,44,1,32,1,81,1,15
MSTRG.1787,1,234,291,209,1,271,1,391,117,169,1,318,1,261,1,284
MSTRG.45856,1,7,84,28,1,80,155,84,1,82,2,302,2,142,16,34
MSTRG.3355,1,116,1,39,242,79,1,49,1,115,106,114,1,295,1,196
MSTRG.31624,1,80,1,78,184,150,1,129,1,42,76,170,1,123,1,91
MSTRG.6013,1,605,1,503,4550,538,1,429,52,389,456,879,1,538,1,501
MSTRG.30108,1,97,153,37,1,157,1,63,1,77,1,144,1,127,86,53
MSTRG.16925,1,248,642,201,1,177,1,204,19,161,1,327,1,397,1,146
MSTRG.38320,408,109,1,145,1,138,1,219,1,229,227,370,1,247,1,123
MSTRG.43010,444,3,1,30,1,1,1,21,1,1,1,2,1,4,1,8
MSTRG.34588,1,52,1,1,1,21,1,46,412,32,1,97,1,58,106,26
MSTRG.10601,1,37,1,4,208,44,1,89,1,47,1,79,120,121,1,86
MSTRG.43444,1,248,185,220,1,209,134,177,494,200,30,488,1,301,1,227
MSTRG.7150,1,462,840,273,1,401,1,603,1,117,1,867,1,307,26,222
MSTRG.12050,1,147,1,6,994,218,1,121,1,114,134,213,20,139,6,215
MSTRG.30150,1,24,1,36,1,101,1,36,489,109,1,241,1,268,225,158
MSTRG.3243,1,178,1745,406,3,205,2,293,169,104,4,321,1,169,1,153
MSTRG.25316,1,76,2,11,1,97,1,34,364,40,2,316,1,162,1,63
MSTRG.7357,1,78,93,85,1,65,1,38,68,31,1,39,1,98,1,48
MSTRG.2707,1,19,3,10,3,9,1,46,1,39,1,8,567,7,3,18
MSTRG.33792,598,238,1,110,623,105,1,155,127,161,80,404,237,299,1,116
MSTRG.44967,731,215,1,262,961,177,1,132,1,132,1,632,1,115,1,215
MSTRG.51125,4,68,1,99,171,171,1,192,1,90,17,243,1,79,1,110
MSTRG.15030,1,142,1052,166,1,162,1,219,1,220,1,622,1,238,127,291
MSTRG.48127,1,1029,419,861,1,533,1,832,299,284,5,562,1,335,1,279
MSTRG.37298,1,13,1,42,3,10,1,9,1,14,3,8,747,1,1,7
MSTRG.27080,1,180,1,235,1,118,44,84,602,101,3,210,1,200,43,137
MSTRG.36007,837,19,1,54,1,36,1,57,3,41,9,83,58,100,18,42
MSTRG.16882,1,299,816,227,1,155,1,367,1,248,1,462,2,148,250,81
MSTRG.20915,1,241,837,212,1,221,1,233,4,214,1,539,1,477,21,356
MSTRG.32413,171,83,1,155,1,155,1,66,1,251,390,703,1,767,1,456
MSTRG.32011,1,42,1,32,139,72,1,61,1,28,48,80,1,75,1,81
MSTRG.3431,396,346,201,388,98,254,1,262,1,299,163,534,477,327,1,259
MSTRG.41070,1,179,1,180,1683,160,1,249,1,142,41,387,152,205,33,140
MSTRG.43533,1,97,1,12,1,53,1,6,242,15,1,165,1,112,1,38
MSTRG.30561,1,221,1698,88,3,188,1,222,69,172,1,286,4,206,1,149
MSTRG.43084,1,109,33,225,1,338,267,382,1,198,1,404,4,342,61,225
MSTRG.46067,1,229,10,255,83,259,1,635,1,233,1,354,988,194,1,192
MSTRG.35832,1,264,144,386,1,298,1,460,270,248,1,305,1,274,1,127
MSTRG.45681,1,22,1,1,817,46,1,6,1,41,93,39,1,19,1,76
MSTRG.33524,1,95,1,174,1,139,1,131,1,124,126,228,1325,267,1,189
MSTRG.35390,1,103,55,153,1,123,1,155,136,46,1,195,1,93,1,72
MSTRG.32879,1,25,1945,81,3,36,1,46,15,16,1,67,1,151,1,30
MSTRG.37581,175,246,1,173,69,257,1,384,436,293,615,934,1046,1113,198,482
MSTRG.39279,1,672,330,263,1,942,1,901,1,623,1,1194,1,853,405,608
MSTRG.25422,1,137,1,85,410,111,1,66,1,68,55,273,1,101,1,106
MSTRG.33221,1,235,1,258,802,144,1,259,1,133,26,494,1,491,1,204
MSTRG.6714,1,402,188,387,1,477,1,466,81,228,1,593,1,209,1,183
MSTRG.25093,1,20,1,1,1,53,1,1,1,58,1,129,1,293,118,109
MSTRG.43006,1,109,200,57,1,46,1,67,1,60,1,99,1,106,88,36
MSTRG.41327,1,315,518,56,1,273,1,140,1,210,2,727,1,333,34,425
MSTRG.19594,1,377,184,428,3,229,1,346,261,229,1,552,1,435,1,293
MSTRG.24012,1,14,1,1,1,77,1,1,1,41,1,141,1,189,116,138
MSTRG.6424,1,123,1,37,1,102,1,99,1124,158,1,206,1,241,74,101
MSTRG.13995,1,728,754,456,3,632,1,507,194,477,8,1172,1,591,1,273
MSTRG.737,1,366,1,291,189,272,1,340,1,178,1,645,726,196,1,129
MSTRG.42381,1,474,1,20,2989,400,1,375,17,535,652,802,1,696,1,440
MSTRG.37973,2,106,173,19,1,152,1,228,98,139,1,212,1,200,1,132
MSTRG.30093,1,182,521,293,1,245,1,181,1,287,1,875,1,966,126,498
MSTRG.20540,1,153,1,58,1,152,1,105,321,106,1,484,1,234,142,248
MSTRG.3244,1,142,1,147,201,148,1,111,1,130,34,274,1,186,1,177
MSTRG.38900,1,76,434,52,1,194,1,90,1,150,1,421,1,624,148,366
MSTRG.22791,1223,146,1,93,1,174,1,136,1,165,39,104,1,120,1,127
MSTRG.41612,1,66,1,15,1,99,1,48,380,105,1,418,1,460,44,280
MSTRG.14619,1,129,1,38,284,85,1,117,1,88,1,229,189,152,1,115
MSTRG.31208,1,330,19,334,3,354,1,463,586,454,1,741,1,610,27,406
MSTRG.13193,1,534,156,448,1,580,1,514,150,505,10,660,1,984,187,576
MSTRG.10934,1031,156,1,397,123,632,1,219,1,418,1,1139,2501,2562,251,1005
MSTRG.34142,1,196,223,228,1,255,1,118,1,120,1,370,1,482,69,166
MSTRG.11647,1,72,335,30,1,97,1,17,98,59,45,162,1,85,36,45
MSTRG.32443,695,278,1,297,1,240,1,248,1,200,77,406,1,380,1,201
MSTRG.29939,1,69,1,10,1,66,1,26,69,72,1,290,1,61,47,50
MSTRG.49306,1,64,2,75,395,237,1,125,1,174,94,473,59,610,13,410
MSTRG.22063,1,57,1,121,1,115,1,70,1,98,122,135,2065,180,1,82
MSTRG.26320,1,61,1,1,1,118,1,1,1,110,1,191,1,446,275,254
MSTRG.20060,1,385,1,263,1,433,1,226,1,688,400,1684,2299,2282,1,1234
MSTRG.333,1,1,1,1,1,1,1,10,1,4,1,1,718,1,3,9
MSTRG.11944,1,262,1,125,1,247,1,151,271,136,1,315,1,231,183,168
MSTRG.6157,1,74,1,158,1,37,61,72,1,75,1,327,1,220,324,162
MSTRG.45165,1,61,157,35,1,61,1,61,1,39,1,150,1,63,64,79
MSTRG.45061,1,110,578,172,3,92,1,117,158,81,1,214,3,98,1,63
MSTRG.21749,242,110,1,140,1,108,1,79,1,41,54,146,1,128,1,106
MSTRG.9487,1,43,1,65,239,13,1,52,1,6,20,47,1,8,1,12
MSTRG.47194,1,28,1,1,1,69,1,1,1,65,1,179,1,173,60,130
MSTRG.27610,1,196,2463,178,1,138,1,194,5,92,1,178,4,113,29,127
MSTRG.32082,1,141,543,134,1,55,1,140,78,326,1,412,1,362,1,315
MSTRG.1576,1,1,1,17,1,1,1,2,1,1,472,3,1,1,1,7
MSTRG.35243,88,145,1,104,1,189,1,251,1,163,495,253,1,211,1,215
MSTRG.24820,1,550,99,560,1,336,1,610,527,370,1,521,1,228,1,257
MSTRG.27031,1,53,106,13,2,66,369,46,1,51,1,212,1,198,1,129
MSTRG.41865,1,47,1,65,1,117,1,133,1,86,885,276,299,132,1,119
MSTRG.30129,1,55,269,61,3,53,1,89,333,42,1,52,1,36,1,80
MSTRG.46391,1,7,1,12,1354,20,1,60,1,33,1,23,1,8,1,71
MSTRG.45289,1,198,512,128,1,156,90,226,353,303,420,533,232,333,210,128
MSTRG.22515,1,473,65,371,2,340,1,563,500,301,1,691,1,293,1,239
MSTRG.44230,1,96,329,121,1,168,1,62,1,74,1,163,1,155,69,162
MSTRG.21468,1,1155,1,985,1,1148,367,1499,106,763,14,1608,1,1015,32,573
MSTRG.7567,1,84,149,55,5,74,1,92,1,46,1,261,1,73,133,35
MSTRG.49685,1,65,64,113,4,170,4,56,1,1,1,725,1,157,350,467
MSTRG.1298,1,573,1145,602,4,446,1,471,312,212,25,522,1,497,67,239
MSTRG.32349,1,111,422,123,1,286,1,180,1,220,1,810,1,832,121,298
MSTRG.10316,1,105,1,48,510,80,1,47,1,101,23,205,1,87,1,115
MSTRG.16742,1,88,1,138,1807,137,1,200,1,154,225,349,1,197,42,269
MSTRG.44416,1,23,368,1,3,16,1,15,1,1,1,63,1,22,1,1
MSTRG.2794,1,35,2,19,1,43,2,45,88,57,1,132,1,235,21,43
MSTRG.27088,1,141,111,191,1,115,1,166,186,137,1,176,1,127,1,85
MSTRG.17319,1,140,405,87,1,167,1,168,550,137,51,222,1,192,145,123
MSTRG.16623,1,47,415,51,1,101,1,48,320,132,42,377,1,349,44,149
MSTRG.33093,1,1,1,1,386,12,1,47,1,5,1,1,1,1,1,10
MSTRG.6106,1,251,1,327,516,231,1,350,9,303,126,698,1,345,1,217
MSTRG.24388,1,358,304,238,1,294,1,330,762,252,52,670,1,201,193,297
MSTRG.44510,1,60,530,2,1,15,1,21,3,33,1,39,1,23,3,16
MSTRG.43868,1,116,1,126,879,112,1,177,57,151,75,182,227,193,38,114
MSTRG.12640,1,208,82,195,1,127,1,54,42,81,1,188,1,432,1,197
MSTRG.41018,1,4,685,1,1,27,1,4,3,13,1,30,1,8,1,1
MSTRG.3041,1,36,1,447,1,442,88,634,465,570,1,1131,1,663,28,686
MSTRG.31963,421,97,2,69,1,59,1,103,1,30,115,151,1,109,1,74
MSTRG.6779,1,241,1,85,1,216,1,109,542,229,1,575,1,458,45,221
MSTRG.27428,1,548,1657,425,8,237,21,406,1,210,1,738,1,216,24,302
MSTRG.24505,1,492,92,323,2,447,1,496,190,287,1,997,1,476,1,544
MSTRG.34850,1,94,1,22,100,121,1,145,1,125,281,321,1,216,1,104
MSTRG.19298,1,76,2,17,1,135,1,62,89,22,1,67,1,37,93,65
MSTRG.47600,1,611,286,469,1,483,1,702,19,321,2,608,1,385,28,324
MSTRG.45666,1,77,1,41,1,149,1,166,460,133,1,408,1,465,245,255
MSTRG.34634,1,134,1,50,359,81,1,97,1,45,1,183,292,71,1,84
MSTRG.38466,4,610,42,639,3,552,1,917,1411,338,1,590,3,325,41,259
MSTRG.32499,1,60,1,146,1,70,40,222,45,73,1,160,1,125,37,56
MSTRG.24409,1,76,1,110,4387,69,1,108,1,155,1,337,20,301,6,206
MSTRG.10683,224,262,1,174,1,244,1,231,1,120,1,292,53,239,1,137
MSTRG.19774,852,103,4,20,570,169,1,183,1,112,1,402,1136,523,67,228
MSTRG.19453,1,451,65,793,1,721,1,627,13,605,1,1383,1,1343,202,991
MSTRG.43764,1,100,342,81,1,51,1,230,64,130,1,281,1,162,1,133
MSTRG.39865,560,15,1,39,1,4,1,15,1,12,10,20,1,24,1,6
MSTRG.30704,1,310,2665,430,1,144,1,232,7,123,1,476,1,179,1,89
MSTRG.42324,1,268,1,297,1,344,958,272,145,219,73,679,4,361,88,153
MSTRG.43835,24,41,1,86,105,52,1,119,1,46,1,30,1,54,1,61
MSTRG.34010,1,111,4085,43,1,71,1,133,3,55,1,210,1,220,1,149
MSTRG.47714,158,289,603,296,2742,290,8,187,1,307,925,812,73,325,3,285
MSTRG.37570,1,133,177,197,1,162,1,312,83,118,1,266,1,259,1,156
MSTRG.19768,1,263,1,205,1,244,1,151,572,158,1,628,1,260,164,215
MSTRG.50132,29,21,1,13,47,1,1,1,1,1,170,62,159,19,1,11
MSTRG.2686,1,195,1736,90,1,185,1,130,2,149,3,182,1,188,72,133
MSTRG.21251,1,26,254,1,1,43,1,34,1,64,1,216,1,230,89,89
MSTRG.17804,1,11,360,77,1,19,1,75,123,40,1,101,1,71,1,32
MSTRG.30509,70,172,176,153,78,99,47,204,1,84,264,185,170,237,1,94
MSTRG.14261,1,143,119,72,1,122,1,55,16,122,1,393,1,162,1,167
MSTRG.21266,1,1,1,5,330,1,1,1,1,1,76,1,1,4,1,1
MSTRG.23346,1,149,806,189,20,251,1,236,474,183,1,462,1,139,1,115
MSTRG.4065,1,38,304,37,1,21,1,10,293,6,1,178,1,11,1,42
MSTRG.9753,1,105,1,70,781,169,1,70,1,120,81,640,1,529,1,248
MSTRG.36459,1,100,1,114,1,118,1,180,1,105,212,413,536,193,1,192
MSTRG.31900,1,88,1,59,1,47,1,48,263,60,1,202,1,180,122,84
MSTRG.31431,1,91,2,49,1,87,1,46,95,48,2,83,1,108,88,51
MSTRG.40584,1,41,113,1,1,49,1,43,1,59,1,182,1,157,258,140
MSTRG.43534,1,130,772,63,1,61,1,42,1,143,1,166,1,197,26,86
MSTRG.9848,349,79,1,144,1,57,1,46,1,29,39,104,1,146,1,57
MSTRG.30133,1,492,1,244,1,495,1,451,415,352,1,728,1,562,247,430
MSTRG.44338,1,391,95,224,3,304,2,333,637,367,5,837,1,903,1,586
MSTRG.5266,1,19,296,1,1,5,1,1,1,9,1,30,1,48,1,4
MSTRG.3270,1,214,1,127,26,337,1,216,1,145,104,148,6,241,1,232
MSTRG.34815,407,563,4,573,1211,564,1,520,1392,405,270,1267,2191,805,178,572
MSTRG.22145,938,510,7,594,397,413,1,282,1,360,478,1139,1305,754,468,616
MSTRG.13336,253,192,1,130,1,120,1,71,1,216,197,373,1,597,1,327
MSTRG.8259,1,88,1,10,358,59,1,71,1,76,1,98,118,185,1,66
MSTRG.8894,1,15,398,111,1,39,1,40,1,79,1,389,1,218,370,163
MSTRG.390,851,212,1,284,1,391,1,347,1,322,528,1010,143,983,40,500
MSTRG.10674,1,218,1294,99,1,272,1,142,447,162,185,438,1,302,237,168
MSTRG.46851,1469,107,1,131,1,233,1,69,1,197,43,477,1,506,1,359
MSTRG.20848,1,217,274,176,6,147,1,253,469,138,1,81,1,143,1,61
MSTRG.50063,8,1,1,8166,1,1,1,5077,19,9000,1,1,43,21287,90,14858
MSTRG.17125,1,1,1,4,9,2,1,1,1,3,1,1,564,1,1,1
MSTRG.17122,1312,345,1,316,1,412,1,275,1,739,58,1970,1,1169,1,627
MSTRG.40296,1,943,216,686,58,598,71,955,444,525,1,1306,1,722,22,417
MSTRG.39721,1,188,1545,81,1,160,1,158,536,180,128,468,1,191,47,196
MSTRG.27805,1,276,398,164,3,218,1,153,2,257,1,353,1,252,110,158
MSTRG.7658,1,1206,1352,2788,1,374,435,2166,4428,1667,4974,1454,1364,10489,67,100
MSTRG.18980,1,403,59,247,1,239,1,378,199,189,1,447,1,255,1,282
MSTRG.38664,1,1531,972,1079,1,1295,1,983,1188,1201,159,1825,1,2276,93,1504
MSTRG.12823,1422,283,1,306,1,281,1,224,1,227,16,734,1,355,1,315
MSTRG.12915,1,76,130,37,1,60,1,50,1,65,1,142,1,81,43,55
MSTRG.37191,1,18,1,39,1053,18,1,29,2,33,43,43,1,26,18,17
MSTRG.9743,1,58,611,88,1,74,1,37,1,82,1,222,1,328,25,146
MSTRG.13230,1,1,1,1,1,25,1,1,498,26,1,46,1,43,14,25
MSTRG.37346,1,133,1,13,1,36,137,65,80,68,1,267,1,58,1,83
MSTRG.31310,1,1,1,13,584,1,1,23,1,24,1,32,1,65,1,30
MSTRG.18334,1,305,725,103,1,156,1,208,1,351,1,834,1,132,26,283
MSTRG.5993,1,74,1,86,76,110,1,198,1,101,44,159,107,173,20,74
MSTRG.23514,1,11,1642,11,4,24,1,12,4,4,1,13,1,59,1,6
MSTRG.14184,267,330,3,88,2,178,3,174,4,57,2,182,1120,80,4,60
MSTRG.45099,414,392,1,219,1,225,1,500,1,248,159,614,1,474,1,231
MSTRG.37069,1,139,1,120,213,100,1,211,24,100,204,186,1,52,1,111
MSTRG.2270,1,116,1,1,1,79,1,32,685,34,1,152,1,28,24,82
MSTRG.10811,1,144,1,167,1,143,1,102,1007,310,1,824,1,597,195,394
MSTRG.35371,1,73,1,1,1530,49,1,32,1,27,60,145,1,61,1,139
MSTRG.33701,1,133,62,237,3,95,1,223,61,114,1,185,1,141,75,124
MSTRG.24931,1,287,1649,231,1,328,1,454,1,333,1,444,1,399,87,229
MSTRG.7818,1,12,1188,1,3,1,1,3,3,1,1,20,1,1,1,1
MSTRG.6590,1,19,1,1,1,69,1,7,258,51,1,283,1,335,1,132
MSTRG.45156,1,119,9,60,1,82,1,52,12,149,1,269,1,177,82,123
MSTRG.16130,124,80,1,124,499,119,1,62,1,165,304,289,1,332,55,179
MSTRG.40478,1,17,1,1,1,34,1,25,412,33,1,48,1,45,99,31
MSTRG.46068,1,82,535,25,1,18,1,61,120,10,127,85,1,4,71,1
MSTRG.22502,96,494,32,468,2736,756,36,573,270,1212,1029,2216,2614,3531,210,1904
MSTRG.16152,1,1208,949,1294,8,1565,1,1077,1745,1194,46,2370,370,2985,514,1831
MSTRG.9567,1,267,22,224,1,313,113,327,174,345,2,891,6,859,1,541
MSTRG.6538,1,955,10,1236,1506,1782,1,1034,1043,3129,3246,7041,14821,11504,2825,5088
MSTRG.31747,1,49,2,9,1575,26,1,63,1,25,96,194,1,56,1,14
MSTRG.13103,2,417,149,562,2,396,1,550,244,182,3,461,2,256,8,170
MSTRG.8649,1,563,438,503,1,546,1,442,223,473,15,917,1,654,8,548
MSTRG.2999,1,94,4,67,650,63,1,133,1,139,43,316,1,366,1,128
MSTRG.39751,1,253,1,565,1,448,1,471,1,496,220,890,403,1585,1,756
MSTRG.5653,1,224,1,10,1,56,499,11,522,175,61,351,1,292,1,158
MSTRG.5777,1,47,444,153,1,78,1,86,1,66,1,451,1,127,52,129
MSTRG.23270,1,15,228,6,1,69,1,2,207,63,35,176,1,127,1,166
MSTRG.48006,1,82,161,6,3,117,1,23,1,46,1,24,1,86,177,34
MSTRG.9880,1,423,486,124,1,318,1,325,663,311,1,1277,173,1551,222,886
MSTRG.7356,1,185,1,145,167,267,1,267,1,176,264,509,350,556,39,297
MSTRG.19085,2157,556,4,578,1,769,1,528,2001,1392,1531,2544,5460,3373,602,1849
MSTRG.2833,1,6,492,1,1,3,1,1,1,1,1,24,2,5,1,1
MSTRG.40184,384,114,1,1,1,135,1,34,1,88,328,173,199,164,1,96
MSTRG.10305,1,437,1413,229,1,688,1,287,632,779,489,1593,674,1940,557,1070
MSTRG.5943,1,160,336,64,1,111,1,202,1,202,1,340,1,241,134,211
MSTRG.32559,1,1274,1,1784,1137,914,1,1718,40,703,331,1809,1,1558,1,890
MSTRG.38653,1,157,1,51,1,167,1,106,196,139,1,393,1,175,50,98
MSTRG.16446,1,567,392,312,43,453,1,104,557,284,1,751,1,36,88,308
MSTRG.12713,1,202,38,115,1,110,1,350,351,225,1,376,1,142,1,87
MSTRG.40292,1,170,1,230,1,213,1,215,1,109,61,179,1019,136,1,135
MSTRG.26272,1,15,1233,1,1,6,1,1,3,1,1,3,1,4,1,12
MSTRG.35573,1,153,1,39,1,175,1,129,121,121,1,406,1,140,180,165
MSTRG.23179,406,84,1,135,696,56,1,75,1,65,220,194,1,208,115,213
MSTRG.47648,2,6,1,42,474,8,1,27,2,21,1,9,1,6,1,12
MSTRG.32092,1,743,597,647,3,952,1,948,697,782,14,1694,63,1246,52,895
MSTRG.37557,1,31,187,40,1,36,1,56,1,4,1,87,1,83,29,51
MSTRG.25465,119,69,1,27,263,65,1,154,1,24,2,49,1,56,1,23
MSTRG.40686,66,114,3,91,1,74,1,57,1,24,3,71,146,52,1,27
MSTRG.19528,1,155,1,261,1,185,1,279,906,208,1,921,1,597,266,398
MSTRG.47801,1,259,1,105,1,220,241,208,626,205,50,487,2,969,13,338
MSTRG.42403,2,235,2473,68,1,111,1,125,3,267,3,519,1,253,6,157
MSTRG.26652,1,839,1,357,359,954,1,556,94,1236,465,2694,1614,2016,89,1762
MSTRG.4560,1,164,1,30,1,126,1,99,307,87,1,121,1,105,58,76
MSTRG.46250,1,125,1044,17,5,56,1,33,55,73,17,162,1,226,8,142
MSTRG.12421,1,132,1,1,1,63,48,87,67,61,33,130,1,110,28,42
MSTRG.37032,1,193,629,183,4,154,1,249,87,102,1,198,1,65,1,84
MSTRG.43046,1,47,1,41,337,46,1,41,1,25,1,39,30,30,1,15
MSTRG.29114,1,1,1,1,1,12,1,1,466,1,1,30,1,79,1,19
MSTRG.5544,1,103,1,102,1,76,1,59,603,109,1,352,1,511,47,102
MSTRG.44686,1,35,1,1,1,14,1,8,344,2,1,1,1,19,1,1
MSTRG.38000,1,2,2,1,238,12,1,19,1,7,1,23,59,6,1,10
MSTRG.4386,206,60,1,89,1,39,1,120,1,36,9,73,1,41,1,30
MSTRG.27865,1,326,211,154,1,254,1,413,94,287,4,568,1,361,1,256
MSTRG.45648,213,71,1,61,684,198,1,151,1,158,213,107,2,99,65,82
MSTRG.21333,219,37,1,39,1,11,1,33,1,8,3,16,1,3,1,12
MSTRG.10949,1,17,875,47,1,105,1,17,1,82,1,307,1,342,20,199
MSTRG.38969,1,86,1,118,144,92,1,103,1,65,280,112,1,118,15,75
MSTRG.20318,1,86,1,14,277,66,24,25,1,41,602,81,147,56,1,70
MSTRG.34839,1,30,247,1,1,30,1,80,395,13,1,30,1,9,1,12
MSTRG.44693,778,75,1,56,1,33,1,62,1,77,20,294,1,438,1,311
MSTRG.32734,1,59,609,102,1,121,1,64,1,151,1,197,1,254,158,176
MSTRG.49349,1,109,450,1,1,14,1,1,21,47,69,195,1,163,1,172
MSTRG.41719,1,50,1,41,1,23,1,46,1,13,148,65,1924,34,1,46
MSTRG.2914,1,33,1,15,1,67,167,48,1,24,1,53,1,30,6,9
MSTRG.13110,1,125,1293,53,1,109,1,109,3,88,1,266,1,153,1,78
MSTRG.48322,1,82,1,102,1,142,1,47,349,27,1,90,1,175,78,102
MSTRG.50990,459,22,1,23,1,1,1,16,1,7,24,45,1,60,1,23
MSTRG.24227,1,398,1,302,1,310,196,220,167,181,1,515,1,368,1,333
MSTRG.33208,1,98,1,15,1,33,1,73,159,87,1,148,1,143,386,109
MSTRG.22769,1,86,104,37,1,29,1,60,1,15,1,48,1,14,71,32
MSTRG.19501,1,14,1,4,44,44,1,22,1,11,48,73,175,44,2,32
MSTRG.25186,1,126,1,50,1,135,1,35,462,313,1,830,1,1375,38,906
MSTRG.40163,214,26,1,1,1,55,1,42,1,56,1,107,215,182,1,90
MSTRG.36680,1,197,349,107,1,261,1,218,41,167,20,632,1,398,27,139
MSTRG.20961,1,199,1,177,1,185,1,232,370,148,1,304,1,330,204,133
MSTRG.39860,33,575,93,324,1174,503,9,383,24,642,448,1233,1375,625,16,664
MSTRG.19473,483,586,13,254,230,338,1,234,740,1633,940,2968,11399,6508,2718,3365
MSTRG.39550,1,34,1,52,1,12,275,122,1,89,1,225,1,143,41,25
MSTRG.46832,1,104,379,144,4,51,14,82,69,51,1,131,2,42,1,62
MSTRG.29531,764,216,1,330,189,110,1,267,1,217,241,547,266,794,407,440
MSTRG.31176,1,130,1,452,1256,447,1,99,1,290,1,888,4010,349,33,278
MSTRG.46546,1,23,811,1,1,14,1,1,1,26,1,53,1,62,1,59
MSTRG.49001,1,140,1751,52,1,40,1,28,4,75,1,118,1,64,1,60
MSTRG.35592,1,84,1,111,1,75,1,99,1,72,657,178,165,228,1,99
MSTRG.13265,1,213,2,102,1,112,1,196,335,90,1,195,1,137,33,59
MSTRG.47880,1,235,1,178,2779,291,1,159,1,357,539,509,1,752,68,400
MSTRG.42853,1,243,1,311,118,223,1,168,1,176,47,440,1,171,1,107
MSTRG.24805,1,2470,17,3010,6008,3643,3,2591,1378,3494,1747,7182,12175,11855,3053,6534
MSTRG.27851,286,2856,8,2006,1584,2350,1,3444,584,1763,351,3853,131,3958,289,2078
MSTRG.15283,92,331,1,367,1422,329,1,504,442,252,144,777,381,593,35,283
MSTRG.41947,1,134,1,271,189,79,1,74,1,110,250,265,116,247,34,73
MSTRG.19972,1,3519,440,2915,6,2126,1,2527,23,1698,3,2719,1,1643,58,1271
MSTRG.32089,1,1,1,61,1008,112,1,10,1,121,50,195,1,153,1,27
MSTRG.16198,1,1,1,1,981,2,1,2,1,1,15,1,1,6,1,4
MSTRG.800,1,210,852,179,1,94,1,219,3,199,1,355,1,268,21,208
MSTRG.5844,2,306,2,96,1,135,92,623,52,72,1,60,1,101,33,113
MSTRG.18491,2,164,1,172,1,124,38,93,23,108,3,331,1,498,38,172
MSTRG.31446,1,71,1,24,1,80,1,99,149,51,1,218,1,108,44,40
MSTRG.5527,3807,1347,13,907,775,917,1,816,6,802,337,1435,1,576,47,557
MSTRG.4553,1,1625,1,1458,1924,1654,1,1280,41,1314,346,2878,1,2295,58,2063
MSTRG.2596,1,114,2295,203,12,167,1,74,1,71,1,381,1,130,39,142
MSTRG.17860,1,79,1,84,1,149,1,56,83,73,1,300,1,475,130,228
MSTRG.11817,1,175,386,217,1,135,278,218,70,195,108,361,1,248,175,140
MSTRG.47165,1,43,1,1,1054,64,1,50,1,34,157,103,1,248,1,85
MSTRG.28481,1,181,3999,240,54,198,1,213,199,275,1,630,1,489,1,331
MSTRG.49345,9,333,1,102,170,176,1,334,1,141,24,350,1,320,1,147
MSTRG.2512,1,31,1,53,1199,83,1,23,1,85,1,185,1091,265,16,110
MSTRG.23647,1,75,868,74,1,76,1,106,1,39,1,111,1,119,21,55
MSTRG.7518,682,467,1421,149,1,331,640,595,1081,552,1,1498,4,915,110,491
MSTRG.37508,1,92,1645,48,298,140,1,43,284,273,1,466,1,503,275,461
MSTRG.25401,1,179,187,125,16,73,1,38,308,22,1,129,1,42,1,68
MSTRG.25195,1,278,1,224,1,262,1,205,315,137,1,483,1,397,86,158
MSTRG.30780,1,74,1,42,27,47,1,21,1,74,69,52,1,62,1,84
MSTRG.38459,1,196,1523,138,1,150,116,172,1,207,1,346,1,379,1,262
MSTRG.42558,1,16,47,1625,14209,3746,1,1264,24,2893,668,5159,14662,10173,197,29
MSTRG.39370,1,1059,1,941,1510,834,1,973,1,1,5,35,1,19,1,273
MSTRG.13762,1,243,1,116,1846,567,1,367,310,688,946,1348,1383,2112,772,1118
MSTRG.27903,1,334,831,199,10,214,1,302,112,189,1,307,1,203,1,185
MSTRG.40258,1,128,1189,121,1,43,1,71,1,73,1,137,1,139,19,85
MSTRG.5356,2,56,122,77,1,18,2,12,2,17,1,55,1,94,39,37
MSTRG.50910,1,56,1,52,1,65,1,53,308,139,1,475,1,393,108,220
MSTRG.43017,1,1027,172,977,6,895,1,776,32,697,1,1773,1,1520,17,951
MSTRG.17630,1,494,4,479,627,379,1,510,47,296,269,740,427,444,54,440
MSTRG.8738,1,15,212,29,1,1,1,26,134,1,1,7,1,15,1,1
MSTRG.652,1,687,1,1044,812,980,1,1073,179,1098,428,2686,791,3482,416,1794
MSTRG.43307,13,90,1,174,2,132,1,120,1,55,1,135,174,47,1,20
MSTRG.29400,1,99,459,87,1,74,1,89,1,95,1,197,1,60,30,27
MSTRG.6663,1,96,399,77,3,43,1,81,1,67,1,234,1,204,31,97
MSTRG.29773,1,205,659,127,1,266,1,169,1,234,3,667,1,669,73,365
MSTRG.29682,1,578,118,201,1,452,1,344,303,636,47,1324,1,1012,357,720
MSTRG.8343,1,308,2103,267,1,227,1,136,600,808,274,1432,1,2093,566,1089
MSTRG.36717,1,56,1,57,3,49,1,69,3,59,65,153,429,200,1,252
MSTRG.796,1,76,1,1,1,43,1,9,1,15,1,70,1,142,204,31
MSTRG.20141,1,12,3,1,2,3,1,27,1,8,1,1,1197,3,1,4
MSTRG.3824,1,412,225,174,1,200,1,143,1,100,3,204,1,173,58,65
MSTRG.38816,154,143,1,182,299,201,1,64,4,212,115,471,721,220,271,161
MSTRG.35627,1,1,1,13,1,1,1,1,1,6,1,1,616,1,1,1
MSTRG.11422,1,259,1,179,1,499,1,120,223,281,5,1485,1,1357,575,945
MSTRG.2466,1,32,3,162,1234,79,1,137,3,38,1,182,118,134,3,29
MSTRG.26226,9,203,31,186,2,186,3,331,157,102,1,150,1,105,85,89
MSTRG.43390,1,67,2883,103,1,72,1,36,6,100,1,232,1,57,1,81
MSTRG.18974,59,260,851,88,1,229,125,265,4,162,1,506,1,185,134,114
MSTRG.38619,144,121,1,118,1,137,1,83,1,123,52,178,1,159,1,135
MSTRG.19480,7,62,188,24,1,47,1,43,21,66,1,98,1,61,24,61
MSTRG.27217,1,460,33,274,1,309,1,512,144,184,1,632,1,348,1,254
MSTRG.50978,1,1,1,1,2412,47,1,86,1,1,1,1,138,1,1,1
MSTRG.48691,1,36,1,1,1,79,1,6,1,47,1,168,1,279,148,129
MSTRG.11965,3,761,186,590,1,527,1,90,91,472,1,717,1,637,1,384
MSTRG.50298,1,197,36,181,1,299,1,263,115,210,1,531,1,448,1,301
MSTRG.27235,1,204,202,67,1,152,1,148,1,139,1,376,1,346,27,242
MSTRG.22623,1,366,516,226,7,228,1,531,106,122,1,250,1,145,1,88
MSTRG.17835,1924,2049,4872,1252,169,1297,593,1475,431,739,11,2077,1,1025,131,668
MSTRG.7559,1,32,1,1,1,65,1,1,1,189,1,700,1,403,88,220
MSTRG.30819,1,294,249,167,48,245,1,319,309,177,1,475,1,382,49,165
MSTRG.25713,1,76,352,73,1,231,1,216,355,149,34,317,1,400,54,215
MSTRG.28447,1,143,811,197,1,22,1,66,1,154,1,150,1,169,130,116
MSTRG.1442,1,95,2,30,1,49,236,62,154,48,14,103,1,96,1,51
MSTRG.22945,1,20,568,1,1,6,1,1,1,1,1,9,1,71,1,18
MSTRG.23841,1,1829,1,1883,3549,2522,1,1734,1052,2516,1119,5327,430,8047,1293,4450
MSTRG.43239,1,64,334,39,1,99,1,85,4,37,1,25,1,139,74,22
MSTRG.42959,1,96,1,44,1,106,1,88,418,176,1,392,1,351,72,236
MSTRG.1358,1,845,1,380,1,651,1,651,1,382,266,2023,1729,772,1,946
MSTRG.38906,1,272,283,238,2,253,693,330,1,176,1,449,1,208,1,118